{
    "accuracy": 0.6755973931933381,
    "precision": 0.7304964539007093,
    "recall": 0.20077972709551656,
    "auc": 0.6724573530600694
}