{
    "accuracy": 0.684534588917059,
    "precision": 0.672289156626506,
    "recall": 0.27514792899408286,
    "auc": 0.6655294678169055
}