{
    "accuracy": 0.6856211517566099,
    "precision": 0.6697674418604651,
    "recall": 0.28402366863905326,
    "auc": 0.6646287972957868
}