{
    "accuracy": 0.68163708801159,
    "precision": 0.6618705035971223,
    "recall": 0.27218934911242604,
    "auc": 0.6656849894267884
}