{
    "accuracy": 0.6852589641434262,
    "precision": 0.6697892271662763,
    "recall": 0.28205128205128205,
    "auc": 0.666610780498324
}