{
    "accuracy": 0.687432089822528,
    "precision": 0.6793349168646081,
    "recall": 0.28205128205128205,
    "auc": 0.668217648964864
}