{
    "accuracy": 0.68163708801159,
    "precision": 0.6510067114093959,
    "recall": 0.2869822485207101,
    "auc": 0.6653660431125096
}