{
    "accuracy": 0.6819992756247736,
    "precision": 0.6559633027522935,
    "recall": 0.28205128205128205,
    "auc": 0.6660632089499158
}