{
    "accuracy": 0.6841724013038754,
    "precision": 0.6666666666666666,
    "recall": 0.28007889546351084,
    "auc": 0.6668930338737922
}