{
    "accuracy": 0.6867077145961608,
    "precision": 0.6752941176470588,
    "recall": 0.28303747534516766,
    "auc": 0.6647654079295134
}