{
    "accuracy": 0.684534588917059,
    "precision": 0.6666666666666666,
    "recall": 0.28205128205128205,
    "auc": 0.6597921034537652
}