{
    "accuracy": 0.6852589641434262,
    "precision": 0.6666666666666666,
    "recall": 0.2859960552268245,
    "auc": 0.6661622798847051
}