{
    "accuracy": 0.6848967765302426,
    "precision": 0.6682242990654206,
    "recall": 0.28205128205128205,
    "auc": 0.6636341364006372
}