{
    "accuracy": 0.6763215061549602,
    "precision": 0.7357142857142858,
    "recall": 0.20077972709551656,
    "auc": 0.6746458440006827
}